"timeslice","energy"
"d001","0.032258064516129031"
"d002","0.032258064516129031"
"d003","0.032258064516129031"
"d004","0.032258064516129031"
"d005","0.032258064516129031"
"d006","0.032258064516129031"
"d007","0.032258064516129031"
"d008","0.032258064516129031"
"d009","0.032258064516129031"
"d010","0.032258064516129031"
"d011","0.032258064516129031"
"d012","0.032258064516129031"
"d013","0.032258064516129031"
"d014","0.032258064516129031"
"d015","0.032258064516129031"
"d016","0.032258064516129031"
"d017","0.032258064516129031"
"d018","0.032258064516129031"
"d019","0.032258064516129031"
"d020","0.032258064516129031"
"d021","0.032258064516129031"
"d022","0.032258064516129031"
"d023","0.032258064516129031"
"d024","0.032258064516129031"
"d025","0.032258064516129031"
"d026","0.032258064516129031"
"d027","0.032258064516129031"
"d028","0.032258064516129031"
"d029","0.032258064516129031"
"d030","0.032258064516129031"
"d031","0.032258064516129031"
"d032","0.035714285714285712"
"d033","0.035714285714285712"
"d034","0.035714285714285712"
"d035","0.035714285714285712"
"d036","0.035714285714285712"
"d037","0.035714285714285712"
"d038","0.035714285714285712"
"d039","0.035714285714285712"
"d040","0.035714285714285712"
"d041","0.035714285714285712"
"d042","0.035714285714285712"
"d043","0.035714285714285712"
"d044","0.035714285714285712"
"d045","0.035714285714285712"
"d046","0.035714285714285712"
"d047","0.035714285714285712"
"d048","0.035714285714285712"
"d049","0.035714285714285712"
"d050","0.035714285714285712"
"d051","0.035714285714285712"
"d052","0.035714285714285712"
"d053","0.035714285714285712"
"d054","0.035714285714285712"
"d055","0.035714285714285712"
"d056","0.035714285714285712"
"d057","0.035714285714285712"
"d058","0.035714285714285712"
"d059","0.035714285714285712"
"d060","0.032258064516129031"
"d061","0.032258064516129031"
"d062","0.032258064516129031"
"d063","0.032258064516129031"
"d064","0.032258064516129031"
"d065","0.032258064516129031"
"d066","0.032258064516129031"
"d067","0.032258064516129031"
"d068","0.032258064516129031"
"d069","0.032258064516129031"
"d070","0.032258064516129031"
"d071","0.032258064516129031"
"d072","0.032258064516129031"
"d073","0.032258064516129031"
"d074","0.032258064516129031"
"d075","0.032258064516129031"
"d076","0.032258064516129031"
"d077","0.032258064516129031"
"d078","0.032258064516129031"
"d079","0.032258064516129031"
"d080","0.032258064516129031"
"d081","0.032258064516129031"
"d082","0.032258064516129031"
"d083","0.032258064516129031"
"d084","0.032258064516129031"
"d085","0.032258064516129031"
"d086","0.032258064516129031"
"d087","0.032258064516129031"
"d088","0.032258064516129031"
"d089","0.032258064516129031"
"d090","0.032258064516129031"
"d091","0.033333333333333333"
"d092","0.033333333333333333"
"d093","0.033333333333333333"
"d094","0.033333333333333333"
"d095","0.033333333333333333"
"d096","0.033333333333333333"
"d097","0.033333333333333333"
"d098","0.033333333333333333"
"d099","0.033333333333333333"
"d100","0.033333333333333333"
"d101","0.033333333333333333"
"d102","0.033333333333333333"
"d103","0.033333333333333333"
"d104","0.033333333333333333"
"d105","0.033333333333333333"
"d106","0.033333333333333333"
"d107","0.033333333333333333"
"d108","0.033333333333333333"
"d109","0.033333333333333333"
"d110","0.033333333333333333"
"d111","0.033333333333333333"
"d112","0.033333333333333333"
"d113","0.033333333333333333"
"d114","0.033333333333333333"
"d115","0.033333333333333333"
"d116","0.033333333333333333"
"d117","0.033333333333333333"
"d118","0.033333333333333333"
"d119","0.033333333333333333"
"d120","0.033333333333333333"
"d121","0.032258064516129031"
"d122","0.032258064516129031"
"d123","0.032258064516129031"
"d124","0.032258064516129031"
"d125","0.032258064516129031"
"d126","0.032258064516129031"
"d127","0.032258064516129031"
"d128","0.032258064516129031"
"d129","0.032258064516129031"
"d130","0.032258064516129031"
"d131","0.032258064516129031"
"d132","0.032258064516129031"
"d133","0.032258064516129031"
"d134","0.032258064516129031"
"d135","0.032258064516129031"
"d136","0.032258064516129031"
"d137","0.032258064516129031"
"d138","0.032258064516129031"
"d139","0.032258064516129031"
"d140","0.032258064516129031"
"d141","0.032258064516129031"
"d142","0.032258064516129031"
"d143","0.032258064516129031"
"d144","0.032258064516129031"
"d145","0.032258064516129031"
"d146","0.032258064516129031"
"d147","0.032258064516129031"
"d148","0.032258064516129031"
"d149","0.032258064516129031"
"d150","0.032258064516129031"
"d151","0.032258064516129031"
"d152","0.033333333333333333"
"d153","0.033333333333333333"
"d154","0.033333333333333333"
"d155","0.033333333333333333"
"d156","0.033333333333333333"
"d157","0.033333333333333333"
"d158","0.033333333333333333"
"d159","0.033333333333333333"
"d160","0.033333333333333333"
"d161","0.033333333333333333"
"d162","0.033333333333333333"
"d163","0.033333333333333333"
"d164","0.033333333333333333"
"d165","0.033333333333333333"
"d166","0.033333333333333333"
"d167","0.033333333333333333"
"d168","0.033333333333333333"
"d169","0.033333333333333333"
"d170","0.033333333333333333"
"d171","0.033333333333333333"
"d172","0.033333333333333333"
"d173","0.033333333333333333"
"d174","0.033333333333333333"
"d175","0.033333333333333333"
"d176","0.033333333333333333"
"d177","0.033333333333333333"
"d178","0.033333333333333333"
"d179","0.033333333333333333"
"d180","0.033333333333333333"
"d181","0.033333333333333333"
"d182","0.032258064516129031"
"d183","0.032258064516129031"
"d184","0.032258064516129031"
"d185","0.032258064516129031"
"d186","0.032258064516129031"
"d187","0.032258064516129031"
"d188","0.032258064516129031"
"d189","0.032258064516129031"
"d190","0.032258064516129031"
"d191","0.032258064516129031"
"d192","0.032258064516129031"
"d193","0.032258064516129031"
"d194","0.032258064516129031"
"d195","0.032258064516129031"
"d196","0.032258064516129031"
"d197","0.032258064516129031"
"d198","0.032258064516129031"
"d199","0.032258064516129031"
"d200","0.032258064516129031"
"d201","0.032258064516129031"
"d202","0.032258064516129031"
"d203","0.032258064516129031"
"d204","0.032258064516129031"
"d205","0.032258064516129031"
"d206","0.032258064516129031"
"d207","0.032258064516129031"
"d208","0.032258064516129031"
"d209","0.032258064516129031"
"d210","0.032258064516129031"
"d211","0.032258064516129031"
"d212","0.032258064516129031"
"d213","0.032258064516129031"
"d214","0.032258064516129031"
"d215","0.032258064516129031"
"d216","0.032258064516129031"
"d217","0.032258064516129031"
"d218","0.032258064516129031"
"d219","0.032258064516129031"
"d220","0.032258064516129031"
"d221","0.032258064516129031"
"d222","0.032258064516129031"
"d223","0.032258064516129031"
"d224","0.032258064516129031"
"d225","0.032258064516129031"
"d226","0.032258064516129031"
"d227","0.032258064516129031"
"d228","0.032258064516129031"
"d229","0.032258064516129031"
"d230","0.032258064516129031"
"d231","0.032258064516129031"
"d232","0.032258064516129031"
"d233","0.032258064516129031"
"d234","0.032258064516129031"
"d235","0.032258064516129031"
"d236","0.032258064516129031"
"d237","0.032258064516129031"
"d238","0.032258064516129031"
"d239","0.032258064516129031"
"d240","0.032258064516129031"
"d241","0.032258064516129031"
"d242","0.032258064516129031"
"d243","0.032258064516129031"
"d244","0.033333333333333333"
"d245","0.033333333333333333"
"d246","0.033333333333333333"
"d247","0.033333333333333333"
"d248","0.033333333333333333"
"d249","0.033333333333333333"
"d250","0.033333333333333333"
"d251","0.033333333333333333"
"d252","0.033333333333333333"
"d253","0.033333333333333333"
"d254","0.033333333333333333"
"d255","0.033333333333333333"
"d256","0.033333333333333333"
"d257","0.033333333333333333"
"d258","0.033333333333333333"
"d259","0.033333333333333333"
"d260","0.033333333333333333"
"d261","0.033333333333333333"
"d262","0.033333333333333333"
"d263","0.033333333333333333"
"d264","0.033333333333333333"
"d265","0.033333333333333333"
"d266","0.033333333333333333"
"d267","0.033333333333333333"
"d268","0.033333333333333333"
"d269","0.033333333333333333"
"d270","0.033333333333333333"
"d271","0.033333333333333333"
"d272","0.033333333333333333"
"d273","0.033333333333333333"
"d274","0.032258064516129031"
"d275","0.032258064516129031"
"d276","0.032258064516129031"
"d277","0.032258064516129031"
"d278","0.032258064516129031"
"d279","0.032258064516129031"
"d280","0.032258064516129031"
"d281","0.032258064516129031"
"d282","0.032258064516129031"
"d283","0.032258064516129031"
"d284","0.032258064516129031"
"d285","0.032258064516129031"
"d286","0.032258064516129031"
"d287","0.032258064516129031"
"d288","0.032258064516129031"
"d289","0.032258064516129031"
"d290","0.032258064516129031"
"d291","0.032258064516129031"
"d292","0.032258064516129031"
"d293","0.032258064516129031"
"d294","0.032258064516129031"
"d295","0.032258064516129031"
"d296","0.032258064516129031"
"d297","0.032258064516129031"
"d298","0.032258064516129031"
"d299","0.032258064516129031"
"d300","0.032258064516129031"
"d301","0.032258064516129031"
"d302","0.032258064516129031"
"d303","0.032258064516129031"
"d304","0.032258064516129031"
"d305","0.033333333333333333"
"d306","0.033333333333333333"
"d307","0.033333333333333333"
"d308","0.033333333333333333"
"d309","0.033333333333333333"
"d310","0.033333333333333333"
"d311","0.033333333333333333"
"d312","0.033333333333333333"
"d313","0.033333333333333333"
"d314","0.033333333333333333"
"d315","0.033333333333333333"
"d316","0.033333333333333333"
"d317","0.033333333333333333"
"d318","0.033333333333333333"
"d319","0.033333333333333333"
"d320","0.033333333333333333"
"d321","0.033333333333333333"
"d322","0.033333333333333333"
"d323","0.033333333333333333"
"d324","0.033333333333333333"
"d325","0.033333333333333333"
"d326","0.033333333333333333"
"d327","0.033333333333333333"
"d328","0.033333333333333333"
"d329","0.033333333333333333"
"d330","0.033333333333333333"
"d331","0.033333333333333333"
"d332","0.033333333333333333"
"d333","0.033333333333333333"
"d334","0.033333333333333333"
"d335","0.032258064516129031"
"d336","0.032258064516129031"
"d337","0.032258064516129031"
"d338","0.032258064516129031"
"d339","0.032258064516129031"
"d340","0.032258064516129031"
"d341","0.032258064516129031"
"d342","0.032258064516129031"
"d343","0.032258064516129031"
"d344","0.032258064516129031"
"d345","0.032258064516129031"
"d346","0.032258064516129031"
"d347","0.032258064516129031"
"d348","0.032258064516129031"
"d349","0.032258064516129031"
"d350","0.032258064516129031"
"d351","0.032258064516129031"
"d352","0.032258064516129031"
"d353","0.032258064516129031"
"d354","0.032258064516129031"
"d355","0.032258064516129031"
"d356","0.032258064516129031"
"d357","0.032258064516129031"
"d358","0.032258064516129031"
"d359","0.032258064516129031"
"d360","0.032258064516129031"
NA,"0.16129032258064516"
